{
  "project_info": {
    "project_number": "610904575754",
    "firebase_url": "https://tunaiku-showroom.firebaseio.com",
    "project_id": "tunaiku-showroom",
    "storage_bucket": "tunaiku-showroom.appspot.com"
  },
  "client": [
    {
      "client_info": {
        "mobilesdk_app_id": "1:610904575754:android:8459b343676885abcc74f3",
        "android_client_info": {
          "package_name": "com.example.rentcar_app"
        }
      },
      "oauth_client": [
        {
          "client_id": "610904575754-ggimcerjbufkes7bbklj92bqesuuubvj.apps.googleusercontent.com",
          "client_type": 3
        }
      ],
      "api_key": [
        {
          "current_key": "AIzaSyA_sWNzksmBVuUrUZg5c1V6AGfV-BK7BYY"
        }
      ],
      "services": {
        "appinvite_service": {
          "other_platform_oauth_client": [
            {
              "client_id": "610904575754-ggimcerjbufkes7bbklj92bqesuuubvj.apps.googleusercontent.com",
              "client_type": 3
            }
          ]
        }
      }
    },
    {
      "client_info": {
        "mobilesdk_app_id": "1:610904575754:android:ab3a2edc4e6b3678cc74f3",
        "android_client_info": {
          "package_name": "com.example.tnk_showroom"
        }
      },
      "oauth_client": [
        {
          "client_id": "610904575754-ggimcerjbufkes7bbklj92bqesuuubvj.apps.googleusercontent.com",
          "client_type": 3
        }
      ],
      "api_key": [
        {
          "current_key": "AIzaSyA_sWNzksmBVuUrUZg5c1V6AGfV-BK7BYY"
        }
      ],
      "services": {
        "appinvite_service": {
          "other_platform_oauth_client": [
            {
              "client_id": "610904575754-ggimcerjbufkes7bbklj92bqesuuubvj.apps.googleusercontent.com",
              "client_type": 3
            }
          ]
        }
      }
    }
  ],
  "configuration_version": "1"
}